company_id,company_size,h1b_history,wage_level,funding_recent,github_activity,fit_score,effort_hours_historical,callback,data_source,record_timestamp,funding_recent_asof_months_ago
1,enterprise,True,2.0,1,5.93,7.78,4.09,0,synthetic_v1,2026-07-01,1
2,midsize,True,3.0,0,3.45,6.07,4.43,0,synthetic_v1,2026-07-01,5
3,enterprise,True,4.0,1,10.0,3.68,1.39,0,synthetic_v1,2026-07-01,0
4,midsize,True,3.0,0,8.24,3.55,4.39,0,synthetic_v1,2026-07-01,0
6,enterprise,True,3.0,1,7.05,2.82,6.91,0,synthetic_v1,2026-07-01,5
7,enterprise,True,3.0,1,5.63,6.2,4.04,0,synthetic_v1,2026-07-01,4
8,enterprise,True,1.0,1,4.27,8.03,5.92,0,synthetic_v1,2026-07-01,0
9,startup,False,3.0,0,3.79,5.98,2.64,0,synthetic_v1,2026-07-01,0
10,midsize,True,2.0,0,3.2,1.93,4.72,1,synthetic_v1,2026-07-01,0
11,midsize,True,3.0,1,6.05,5.66,6.07,1,synthetic_v1,2026-07-01,4
12,enterprise,True,3.0,1,4.82,5.71,4.87,0,synthetic_v1,2026-07-01,5
13,midsize,True,4.0,1,4.83,9.77,4.84,1,synthetic_v1,2026-07-01,3
14,enterprise,True,4.0,1,7.97,3.38,3.34,0,synthetic_v1,2026-07-01,1
15,midsize,True,2.0,1,6.86,5.3,2.5,0,synthetic_v1,2026-07-01,4
16,startup,False,3.0,1,5.95,9.07,8.64,1,synthetic_v1,2026-07-01,0
17,midsize,True,3.0,0,2.62,6.81,6.3,1,synthetic_v1,2026-07-01,4
18,startup,False,2.0,0,5.54,7.01,5.35,1,synthetic_v1,2026-07-01,5
19,enterprise,True,1.0,1,6.26,6.21,1.07,0,synthetic_v1,2026-07-01,4
20,midsize,False,1.0,1,7.34,6.59,3.48,0,synthetic_v1,2026-07-01,5
21,enterprise,False,3.0,1,7.68,7.4,6.47,1,synthetic_v1,2026-07-01,3
22,midsize,True,2.0,1,3.72,4.54,5.55,0,synthetic_v1,2026-07-01,2
23,enterprise,True,4.0,1,7.13,7.58,7.21,0,synthetic_v1,2026-07-01,1
24,enterprise,True,2.0,1,8.36,3.53,0.73,0,synthetic_v1,2026-07-01,5
25,enterprise,True,4.0,1,8.8,6.59,5.41,1,synthetic_v1,2026-07-01,4
26,startup,False,2.0,0,3.75,6.32,6.32,0,synthetic_v1,2026-07-01,1
27,midsize,False,3.0,0,7.76,4.89,1.45,0,synthetic_v1,2026-07-01,5
28,startup,False,1.0,1,7.01,5.96,4.56,0,synthetic_v1,2026-07-01,0
29,startup,False,3.0,1,4.74,4.88,4.34,0,synthetic_v1,2026-07-01,3
30,midsize,True,3.0,1,7.55,4.07,2.99,0,synthetic_v1,2026-07-01,1
31,enterprise,True,4.0,1,10.0,5.36,1.44,1,synthetic_v1,2026-07-01,3
32,enterprise,True,3.0,1,10.0,4.01,2.92,0,synthetic_v1,2026-07-01,2
33,startup,False,1.0,0,1.79,6.58,4.46,0,synthetic_v1,2026-07-01,2
34,midsize,False,2.0,1,4.53,3.93,3.14,0,synthetic_v1,2026-07-01,4
35,midsize,True,1.0,1,8.87,7.28,4.52,0,synthetic_v1,2026-07-01,4
36,startup,False,1.0,0,2.1,3.87,2.66,0,synthetic_v1,2026-07-01,2
37,startup,False,3.0,1,2.82,4.98,3.93,0,synthetic_v1,2026-07-01,5
38,midsize,False,3.0,0,4.12,4.88,4.59,0,synthetic_v1,2026-07-01,2
39,startup,False,3.0,1,5.96,8.39,5.57,0,synthetic_v1,2026-07-01,0
40,midsize,False,3.0,0,4.82,6.59,4.34,0,synthetic_v1,2026-07-01,0
41,midsize,True,3.0,0,3.83,5.62,4.51,0,synthetic_v1,2026-07-01,1
42,enterprise,False,3.0,1,6.49,6.9,2.26,1,synthetic_v1,2026-07-01,4
43,enterprise,True,1.0,1,6.42,2.21,3.04,0,synthetic_v1,2026-07-01,3
44,startup,False,2.0,0,2.42,5.92,4.55,0,synthetic_v1,2026-07-01,2
45,enterprise,True,3.0,1,10.0,9.6,6.82,1,synthetic_v1,2026-07-01,2
46,enterprise,True,3.0,1,8.24,6.24,6.18,0,synthetic_v1,2026-07-01,5
47,midsize,False,1.0,1,7.8,6.12,1.74,0,synthetic_v1,2026-07-01,3
48,startup,False,2.0,1,4.32,6.99,2.23,0,synthetic_v1,2026-07-01,0
49,midsize,False,3.0,1,5.87,7.61,5.98,0,synthetic_v1,2026-07-01,0
50,startup,False,1.0,0,2.72,2.4,2.43,0,synthetic_v1,2026-07-01,2
51,startup,False,2.0,0,0.0,2.97,3.04,0,synthetic_v1,2026-07-01,2
52,startup,False,3.0,0,1.52,6.38,4.13,0,synthetic_v1,2026-07-01,5
54,midsize,False,2.0,0,0.95,8.36,7.42,0,synthetic_v1,2026-07-01,4
55,enterprise,True,3.0,1,5.55,5.43,4.99,1,synthetic_v1,2026-07-01,3
56,enterprise,True,2.0,1,10.0,2.52,2.12,0,synthetic_v1,2026-07-01,2
57,midsize,False,3.0,1,6.12,3.72,0.25,1,synthetic_v1,2026-07-01,3
58,midsize,False,2.0,0,7.32,1.05,2.78,0,synthetic_v1,2026-07-01,3
59,startup,False,3.0,0,4.74,5.58,6.18,1,synthetic_v1,2026-07-01,4
60,startup,False,2.0,0,5.41,5.66,5.36,0,synthetic_v1,2026-07-01,1
61,midsize,False,2.0,0,3.38,5.24,2.82,0,synthetic_v1,2026-07-01,3
62,midsize,True,3.0,0,5.94,7.94,6.78,0,synthetic_v1,2026-07-01,1
63,midsize,True,2.0,0,6.31,8.16,7.19,0,synthetic_v1,2026-07-01,4
64,enterprise,True,1.0,1,6.66,5.69,6.75,1,synthetic_v1,2026-07-01,4
65,midsize,False,2.0,1,7.21,2.16,0.98,0,synthetic_v1,2026-07-01,3
66,midsize,True,3.0,0,6.02,7.11,4.93,0,synthetic_v1,2026-07-01,5
67,midsize,False,3.0,1,5.21,7.0,6.32,1,synthetic_v1,2026-07-01,3
68,startup,False,4.0,0,1.98,6.56,5.02,0,synthetic_v1,2026-07-01,0
69,startup,False,2.0,1,3.07,7.77,3.98,0,synthetic_v1,2026-07-01,3
70,midsize,False,2.0,0,5.16,3.9,3.96,0,synthetic_v1,2026-07-01,4
71,startup,False,1.0,0,4.59,9.62,7.64,0,synthetic_v1,2026-07-01,0
72,midsize,True,3.0,0,3.57,4.27,3.7,0,synthetic_v1,2026-07-01,0
73,enterprise,True,4.0,1,7.75,7.35,5.74,0,synthetic_v1,2026-07-01,1
74,startup,False,3.0,1,6.23,2.96,2.39,0,synthetic_v1,2026-07-01,5
75,startup,False,3.0,0,5.11,4.33,5.81,0,synthetic_v1,2026-07-01,3
76,startup,False,2.0,1,7.99,8.73,4.89,0,synthetic_v1,2026-07-01,5
77,startup,True,4.0,0,6.3,5.53,3.44,0,synthetic_v1,2026-07-01,5
78,midsize,True,2.0,0,3.2,7.51,5.52,0,synthetic_v1,2026-07-01,3
79,midsize,True,1.0,0,8.03,6.43,6.17,1,synthetic_v1,2026-07-01,4
80,enterprise,True,2.0,1,6.74,5.81,2.24,1,synthetic_v1,2026-07-01,1
81,midsize,False,1.0,1,8.08,8.45,4.11,0,synthetic_v1,2026-07-01,0
82,midsize,False,2.0,1,6.32,5.57,1.29,0,synthetic_v1,2026-07-01,2
83,enterprise,True,1.0,1,6.96,2.79,2.73,0,synthetic_v1,2026-07-01,3
84,startup,False,2.0,0,0.75,4.55,2.06,0,synthetic_v1,2026-07-01,1
85,startup,False,3.0,0,3.69,6.99,4.62,0,synthetic_v1,2026-07-01,1
86,startup,True,2.0,1,2.39,6.71,6.02,0,synthetic_v1,2026-07-01,0
87,enterprise,True,2.0,1,9.44,3.18,1.95,0,synthetic_v1,2026-07-01,4
88,midsize,False,4.0,0,7.73,4.7,4.16,1,synthetic_v1,2026-07-01,5
89,startup,False,3.0,0,2.57,4.95,3.52,0,synthetic_v1,2026-07-01,4
90,midsize,False,2.0,1,6.74,5.34,5.21,0,synthetic_v1,2026-07-01,2
91,startup,False,2.0,1,3.89,3.52,3.83,0,synthetic_v1,2026-07-01,3
92,midsize,True,3.0,1,5.07,4.87,2.88,1,synthetic_v1,2026-07-01,5
93,midsize,False,2.0,1,7.59,4.69,3.56,0,synthetic_v1,2026-07-01,3
94,midsize,False,2.0,0,4.93,7.39,7.0,0,synthetic_v1,2026-07-01,1
95,startup,False,4.0,1,8.33,7.46,6.06,1,synthetic_v1,2026-07-01,2
96,midsize,True,2.0,0,4.13,5.74,2.35,1,synthetic_v1,2026-07-01,4
97,midsize,False,3.0,1,8.0,5.29,5.16,0,synthetic_v1,2026-07-01,2
98,startup,False,3.0,0,4.18,6.25,3.12,0,synthetic_v1,2026-07-01,5
99,startup,False,3.0,1,6.63,4.53,5.84,0,synthetic_v1,2026-07-01,5
100,enterprise,True,2.0,1,6.9,3.94,4.9,0,synthetic_v1,2026-07-01,0
101,enterprise,True,2.0,1,7.61,4.31,4.02,0,synthetic_v1,2026-07-01,4
102,midsize,False,2.0,0,4.79,4.86,4.15,0,synthetic_v1,2026-07-01,2
103,startup,False,2.0,0,2.5,3.91,3.03,0,synthetic_v1,2026-07-01,3
105,enterprise,False,2.0,1,8.87,7.31,4.83,0,synthetic_v1,2026-07-01,2
106,enterprise,False,3.0,1,8.77,3.14,3.24,0,synthetic_v1,2026-07-01,1
107,midsize,True,3.0,1,8.97,6.05,5.94,0,synthetic_v1,2026-07-01,0
108,startup,True,3.0,0,6.61,5.6,3.52,0,synthetic_v1,2026-07-01,4
109,startup,False,2.0,1,4.53,6.61,4.04,0,synthetic_v1,2026-07-01,0
111,midsize,False,4.0,1,5.08,3.38,1.43,0,synthetic_v1,2026-07-01,1
112,startup,False,3.0,1,5.24,3.73,0.49,0,synthetic_v1,2026-07-01,0
113,startup,False,3.0,0,2.92,6.05,5.73,0,synthetic_v1,2026-07-01,2
114,midsize,False,4.0,1,9.12,7.85,8.42,0,synthetic_v1,2026-07-01,5
115,startup,False,3.0,0,4.65,2.01,4.35,0,synthetic_v1,2026-07-01,5
116,enterprise,True,2.0,1,7.31,6.62,2.53,0,synthetic_v1,2026-07-01,2
117,enterprise,True,3.0,1,9.85,8.14,6.97,1,synthetic_v1,2026-07-01,3
118,enterprise,True,1.0,1,3.79,5.72,6.57,0,synthetic_v1,2026-07-01,5
119,midsize,True,3.0,0,1.37,6.99,4.51,0,synthetic_v1,2026-07-01,1
120,midsize,False,4.0,0,6.43,4.73,3.99,0,synthetic_v1,2026-07-01,5
121,midsize,False,2.0,1,6.31,5.79,1.46,0,synthetic_v1,2026-07-01,0
122,midsize,True,2.0,1,6.65,3.08,3.25,0,synthetic_v1,2026-07-01,1
123,startup,False,1.0,1,2.81,1.78,0.47,0,synthetic_v1,2026-07-01,2
124,midsize,True,4.0,0,4.96,7.7,5.92,0,synthetic_v1,2026-07-01,0
125,startup,False,1.0,1,8.81,4.23,1.19,0,synthetic_v1,2026-07-01,4
126,midsize,False,1.0,0,6.48,5.18,4.92,0,synthetic_v1,2026-07-01,5
127,startup,False,2.0,1,5.51,3.5,4.64,0,synthetic_v1,2026-07-01,2
128,startup,True,1.0,0,3.21,3.46,1.9,0,synthetic_v1,2026-07-01,5
129,startup,False,2.0,1,4.49,5.69,2.71,0,synthetic_v1,2026-07-01,4
130,midsize,False,2.0,0,1.17,4.69,0.58,0,synthetic_v1,2026-07-01,4
131,startup,True,2.0,1,5.66,6.68,4.61,0,synthetic_v1,2026-07-01,4
132,enterprise,True,1.0,1,9.22,6.81,4.22,1,synthetic_v1,2026-07-01,3
133,midsize,False,1.0,0,2.16,6.58,2.62,0,synthetic_v1,2026-07-01,0
135,midsize,True,1.0,0,2.92,8.84,5.63,1,synthetic_v1,2026-07-01,3
136,startup,False,3.0,1,3.46,4.08,1.83,0,synthetic_v1,2026-07-01,5
137,enterprise,True,2.0,1,7.8,5.9,3.71,0,synthetic_v1,2026-07-01,5
138,midsize,True,2.0,0,1.25,8.04,7.43,1,synthetic_v1,2026-07-01,1
139,enterprise,True,2.0,1,8.81,8.28,6.87,0,synthetic_v1,2026-07-01,2
140,startup,False,2.0,0,5.36,3.44,2.87,0,synthetic_v1,2026-07-01,1
141,midsize,False,1.0,0,4.55,5.44,5.19,0,synthetic_v1,2026-07-01,0
142,midsize,True,1.0,1,1.73,8.44,4.33,0,synthetic_v1,2026-07-01,5
143,enterprise,True,3.0,1,5.91,6.91,5.2,0,synthetic_v1,2026-07-01,5
144,midsize,True,1.0,1,8.42,6.35,5.03,1,synthetic_v1,2026-07-01,5
145,midsize,True,2.0,0,0.0,5.61,3.66,0,synthetic_v1,2026-07-01,5
146,startup,False,2.0,0,3.37,5.31,4.84,0,synthetic_v1,2026-07-01,3
147,startup,True,2.0,0,1.88,6.52,3.74,1,synthetic_v1,2026-07-01,3
148,midsize,False,2.0,1,7.65,5.55,5.09,0,synthetic_v1,2026-07-01,5
149,midsize,True,3.0,1,4.98,5.92,5.38,0,synthetic_v1,2026-07-01,3
150,startup,False,3.0,0,4.73,6.14,0.31,0,synthetic_v1,2026-07-01,3
151,enterprise,True,2.0,1,8.72,4.78,5.65,1,synthetic_v1,2026-07-01,1
152,enterprise,False,2.0,1,10.0,6.96,0.6,1,synthetic_v1,2026-07-01,4
153,startup,False,2.0,0,3.63,10.0,6.08,0,synthetic_v1,2026-07-01,4
154,midsize,True,2.0,0,5.68,2.8,4.22,0,synthetic_v1,2026-07-01,4
155,startup,False,3.0,0,1.33,6.58,4.47,0,synthetic_v1,2026-07-01,2
156,midsize,True,2.0,1,8.34,4.63,1.58,0,synthetic_v1,2026-07-01,1
158,midsize,True,4.0,0,3.99,6.08,6.19,0,synthetic_v1,2026-07-01,3
159,enterprise,True,1.0,1,7.66,7.37,2.54,0,synthetic_v1,2026-07-01,4
160,enterprise,True,2.0,1,4.89,8.12,7.56,0,synthetic_v1,2026-07-01,4
161,startup,False,3.0,1,5.61,6.35,4.73,0,synthetic_v1,2026-07-01,5
162,enterprise,True,2.0,1,9.44,8.04,4.03,1,synthetic_v1,2026-07-01,2
163,startup,True,1.0,0,4.53,1.78,1.19,0,synthetic_v1,2026-07-01,4
164,startup,False,1.0,1,2.34,8.86,4.79,1,synthetic_v1,2026-07-01,4
165,midsize,False,4.0,0,4.78,6.68,6.3,0,synthetic_v1,2026-07-01,1
166,midsize,False,1.0,1,7.54,7.94,6.86,0,synthetic_v1,2026-07-01,5
167,enterprise,True,2.0,1,4.32,3.8,0.7,0,synthetic_v1,2026-07-01,0
168,enterprise,False,1.0,1,5.77,4.5,3.1,1,synthetic_v1,2026-07-01,3
169,startup,False,1.0,0,5.58,6.26,3.46,0,synthetic_v1,2026-07-01,5
170,enterprise,True,3.0,1,8.19,5.97,6.52,0,synthetic_v1,2026-07-01,3
171,startup,False,2.0,1,5.94,6.51,2.88,0,synthetic_v1,2026-07-01,5
172,midsize,True,3.0,1,9.55,7.95,8.18,1,synthetic_v1,2026-07-01,0
173,startup,False,3.0,0,4.84,2.82,2.64,0,synthetic_v1,2026-07-01,3
174,enterprise,True,3.0,1,8.88,7.75,3.91,0,synthetic_v1,2026-07-01,4
175,startup,False,1.0,1,10.0,6.01,3.59,0,synthetic_v1,2026-07-01,3
176,startup,False,3.0,0,3.62,5.63,3.18,0,synthetic_v1,2026-07-01,5
177,midsize,True,3.0,0,3.56,3.35,1.1,0,synthetic_v1,2026-07-01,2
178,enterprise,True,2.0,1,8.47,6.91,5.29,1,synthetic_v1,2026-07-01,4
179,enterprise,True,3.0,1,8.49,1.65,0.25,0,synthetic_v1,2026-07-01,2
180,enterprise,True,3.0,1,6.75,7.17,2.03,0,synthetic_v1,2026-07-01,5
181,enterprise,True,2.0,1,5.84,3.31,2.42,0,synthetic_v1,2026-07-01,0
182,enterprise,True,4.0,1,10.0,6.1,1.95,0,synthetic_v1,2026-07-01,1
184,startup,False,3.0,1,3.88,8.11,4.5,0,synthetic_v1,2026-07-01,4
185,enterprise,True,4.0,1,9.35,5.68,3.1,0,synthetic_v1,2026-07-01,1
186,midsize,True,2.0,1,6.0,4.75,6.85,0,synthetic_v1,2026-07-01,1
187,midsize,True,3.0,1,5.74,5.09,4.14,1,synthetic_v1,2026-07-01,5
188,startup,False,2.0,1,6.21,8.29,6.34,1,synthetic_v1,2026-07-01,2
189,enterprise,True,3.0,1,5.37,6.97,2.51,0,synthetic_v1,2026-07-01,0
190,startup,False,3.0,0,4.63,5.31,3.2,0,synthetic_v1,2026-07-01,0
191,enterprise,True,2.0,1,10.0,5.57,4.67,0,synthetic_v1,2026-07-01,1
192,startup,False,2.0,1,6.04,3.18,1.37,0,synthetic_v1,2026-07-01,5
193,startup,False,2.0,0,3.32,6.7,6.38,0,synthetic_v1,2026-07-01,3
194,enterprise,True,1.0,1,6.79,2.83,0.9,0,synthetic_v1,2026-07-01,5
195,startup,False,1.0,1,4.46,7.35,4.98,0,synthetic_v1,2026-07-01,1
196,startup,False,2.0,0,3.54,6.23,3.86,0,synthetic_v1,2026-07-01,2
197,midsize,True,1.0,0,4.32,10.0,7.25,0,synthetic_v1,2026-07-01,0
198,enterprise,True,2.0,1,9.35,4.02,2.45,0,synthetic_v1,2026-07-01,2
199,startup,False,3.0,1,2.08,5.82,4.08,0,synthetic_v1,2026-07-01,3
200,startup,False,3.0,0,5.55,9.24,6.19,0,synthetic_v1,2026-07-01,4
201,enterprise,True,3.0,1,7.02,8.14,4.79,1,synthetic_v1,2026-07-01,2
202,enterprise,False,2.0,1,8.38,4.75,4.58,0,synthetic_v1,2026-07-01,4
203,midsize,False,3.0,1,4.17,6.4,5.2,1,synthetic_v1,2026-07-01,3
204,startup,False,3.0,1,7.59,6.0,4.47,0,synthetic_v1,2026-07-01,1
205,startup,False,1.0,0,6.24,6.51,4.26,0,synthetic_v1,2026-07-01,5
206,startup,False,1.0,1,6.93,4.74,5.04,0,synthetic_v1,2026-07-01,2
207,startup,False,3.0,0,1.27,5.84,4.15,0,synthetic_v1,2026-07-01,0
208,midsize,False,2.0,0,6.49,3.12,2.41,0,synthetic_v1,2026-07-01,5
209,startup,False,2.0,1,5.93,6.24,4.9,0,synthetic_v1,2026-07-01,5
210,midsize,True,4.0,0,2.11,6.81,7.63,1,synthetic_v1,2026-07-01,0
211,midsize,True,1.0,0,4.96,5.59,2.34,0,synthetic_v1,2026-07-01,5
212,midsize,False,1.0,0,5.66,3.09,4.01,0,synthetic_v1,2026-07-01,5
213,startup,False,4.0,1,6.2,7.78,2.83,0,synthetic_v1,2026-07-01,4
214,enterprise,True,3.0,1,8.02,6.66,5.32,1,synthetic_v1,2026-07-01,1
215,enterprise,True,1.0,1,8.22,4.69,6.18,0,synthetic_v1,2026-07-01,3
216,enterprise,True,3.0,1,10.0,5.49,5.03,0,synthetic_v1,2026-07-01,3
217,startup,False,3.0,0,6.21,3.3,3.24,0,synthetic_v1,2026-07-01,3
218,startup,False,2.0,1,0.04,4.15,2.65,0,synthetic_v1,2026-07-01,3
219,enterprise,True,3.0,1,7.13,5.03,4.07,0,synthetic_v1,2026-07-01,3
220,midsize,False,2.0,1,5.9,8.21,5.55,1,synthetic_v1,2026-07-01,3
221,startup,True,1.0,1,2.05,4.85,2.73,0,synthetic_v1,2026-07-01,4
222,midsize,True,3.0,0,5.17,7.15,4.86,1,synthetic_v1,2026-07-01,3
223,midsize,True,2.0,1,8.45,5.03,4.32,0,synthetic_v1,2026-07-01,0
224,enterprise,True,3.0,1,5.74,6.45,3.72,1,synthetic_v1,2026-07-01,0
225,startup,False,3.0,0,4.61,5.75,3.24,0,synthetic_v1,2026-07-01,5
226,enterprise,True,1.0,1,6.05,7.57,3.5,0,synthetic_v1,2026-07-01,5
227,startup,True,3.0,0,2.79,5.04,4.61,0,synthetic_v1,2026-07-01,3
228,midsize,False,2.0,1,8.86,3.17,3.72,0,synthetic_v1,2026-07-01,1
229,midsize,False,3.0,1,5.22,3.51,3.45,0,synthetic_v1,2026-07-01,4
230,startup,False,2.0,1,6.03,5.04,5.47,0,synthetic_v1,2026-07-01,0
232,midsize,False,3.0,0,8.35,6.74,5.63,0,synthetic_v1,2026-07-01,1
233,enterprise,True,2.0,1,8.78,5.16,4.55,0,synthetic_v1,2026-07-01,0
234,midsize,False,3.0,1,5.87,10.0,6.86,1,synthetic_v1,2026-07-01,4
235,enterprise,True,3.0,1,8.74,2.87,1.93,0,synthetic_v1,2026-07-01,3
236,enterprise,True,3.0,1,5.16,6.37,8.14,1,synthetic_v1,2026-07-01,1
237,midsize,True,3.0,0,7.13,3.97,2.7,0,synthetic_v1,2026-07-01,3
238,enterprise,True,4.0,1,7.12,5.11,3.07,1,synthetic_v1,2026-07-01,0
239,startup,False,2.0,0,3.63,6.25,5.4,0,synthetic_v1,2026-07-01,2
240,startup,True,2.0,1,4.32,1.81,2.47,0,synthetic_v1,2026-07-01,3
241,enterprise,False,1.0,1,6.65,6.43,2.75,0,synthetic_v1,2026-07-01,2
243,startup,True,2.0,1,5.66,5.18,3.97,0,synthetic_v1,2026-07-01,1
244,midsize,False,2.0,1,7.37,6.47,3.21,0,synthetic_v1,2026-07-01,0
245,midsize,True,1.0,0,4.98,7.84,7.49,0,synthetic_v1,2026-07-01,3
246,enterprise,True,3.0,1,8.62,5.7,5.36,0,synthetic_v1,2026-07-01,5
247,midsize,True,2.0,1,5.45,4.95,2.08,0,synthetic_v1,2026-07-01,2
248,midsize,True,3.0,1,10.0,1.9,4.81,0,synthetic_v1,2026-07-01,0
249,midsize,False,1.0,0,2.18,7.15,6.28,0,synthetic_v1,2026-07-01,5
250,midsize,True,4.0,1,8.47,5.8,4.46,0,synthetic_v1,2026-07-01,2
251,midsize,True,2.0,0,7.46,4.18,5.89,0,synthetic_v1,2026-07-01,1
252,enterprise,True,2.0,1,6.17,6.23,4.98,0,synthetic_v1,2026-07-01,3
253,midsize,True,3.0,0,9.01,4.95,3.93,0,synthetic_v1,2026-07-01,1
254,startup,True,4.0,0,5.79,5.05,3.04,1,synthetic_v1,2026-07-01,5
255,startup,False,2.0,0,5.75,7.09,6.13,0,synthetic_v1,2026-07-01,1
256,enterprise,True,2.0,1,7.75,3.59,3.87,0,synthetic_v1,2026-07-01,3
257,enterprise,True,3.0,1,7.31,7.89,5.75,0,synthetic_v1,2026-07-01,3
258,startup,False,3.0,0,3.62,3.48,1.91,0,synthetic_v1,2026-07-01,1
259,startup,False,2.0,0,4.7,4.81,4.08,0,synthetic_v1,2026-07-01,2
260,midsize,True,2.0,1,8.72,9.46,6.57,1,synthetic_v1,2026-07-01,0
261,startup,False,3.0,0,4.33,8.03,3.82,0,synthetic_v1,2026-07-01,3
262,enterprise,True,3.0,1,6.06,6.18,2.5,0,synthetic_v1,2026-07-01,4
263,startup,True,3.0,1,6.68,4.31,4.43,0,synthetic_v1,2026-07-01,5
264,startup,False,3.0,0,5.66,5.05,0.25,1,synthetic_v1,2026-07-01,1
265,enterprise,True,1.0,1,8.88,6.13,4.99,0,synthetic_v1,2026-07-01,1
266,startup,False,4.0,1,6.54,6.07,3.92,0,synthetic_v1,2026-07-01,3
267,startup,False,3.0,1,4.71,5.84,6.46,0,synthetic_v1,2026-07-01,4
268,startup,False,3.0,0,2.33,5.94,3.83,0,synthetic_v1,2026-07-01,5
269,startup,False,1.0,1,3.64,5.61,5.36,0,synthetic_v1,2026-07-01,0
270,startup,False,2.0,0,1.06,3.4,2.45,0,synthetic_v1,2026-07-01,1
271,startup,False,3.0,0,4.43,5.07,4.21,0,synthetic_v1,2026-07-01,1
272,startup,True,1.0,1,5.05,7.65,6.69,0,synthetic_v1,2026-07-01,1
273,startup,False,4.0,0,3.21,3.54,2.43,1,synthetic_v1,2026-07-01,2
274,midsize,False,2.0,1,0.88,5.66,5.89,0,synthetic_v1,2026-07-01,5
275,midsize,False,3.0,0,2.75,4.52,2.22,0,synthetic_v1,2026-07-01,0
276,midsize,True,3.0,1,8.22,6.2,5.16,0,synthetic_v1,2026-07-01,4
277,startup,True,2.0,0,2.8,5.3,5.56,0,synthetic_v1,2026-07-01,3
278,midsize,False,2.0,0,5.65,8.66,7.19,0,synthetic_v1,2026-07-01,3
279,enterprise,False,3.0,1,5.2,6.91,8.02,0,synthetic_v1,2026-07-01,4
280,enterprise,True,3.0,1,10.0,3.64,2.04,0,synthetic_v1,2026-07-01,0
281,startup,False,2.0,1,4.94,7.21,3.26,1,synthetic_v1,2026-07-01,4
282,startup,False,3.0,0,4.52,4.61,2.27,0,synthetic_v1,2026-07-01,1
283,startup,False,4.0,0,8.19,4.96,4.97,0,synthetic_v1,2026-07-01,3
284,startup,False,2.0,0,6.73,6.56,5.69,0,synthetic_v1,2026-07-01,4
285,midsize,False,2.0,0,4.45,5.11,4.22,0,synthetic_v1,2026-07-01,3
286,midsize,False,2.0,1,5.13,7.61,3.88,0,synthetic_v1,2026-07-01,1
287,startup,False,2.0,0,3.41,4.61,4.91,0,synthetic_v1,2026-07-01,2
288,midsize,True,1.0,1,7.12,4.89,2.09,0,synthetic_v1,2026-07-01,2
289,midsize,True,2.0,0,4.81,4.82,5.63,1,synthetic_v1,2026-07-01,0
290,startup,False,3.0,1,4.49,4.98,8.28,0,synthetic_v1,2026-07-01,4
291,enterprise,False,2.0,1,10.0,7.98,6.34,0,synthetic_v1,2026-07-01,0
292,startup,False,4.0,0,3.79,7.13,6.15,0,synthetic_v1,2026-07-01,2
293,enterprise,True,2.0,1,10.0,9.08,5.71,1,synthetic_v1,2026-07-01,3
294,startup,False,1.0,1,5.36,10.0,4.28,0,synthetic_v1,2026-07-01,0
295,enterprise,True,3.0,1,10.0,4.14,2.58,0,synthetic_v1,2026-07-01,5
296,enterprise,True,3.0,1,8.34,6.13,3.04,0,synthetic_v1,2026-07-01,2
297,enterprise,True,2.0,1,9.43,3.88,1.16,1,synthetic_v1,2026-07-01,0
298,enterprise,True,2.0,1,6.4,4.6,6.34,0,synthetic_v1,2026-07-01,3
299,enterprise,False,2.0,1,6.16,4.87,4.33,0,synthetic_v1,2026-07-01,3
300,midsize,False,2.0,1,7.03,4.1,4.03,0,synthetic_v1,2026-07-01,3
